YEAR,SMALL LoBM,ME1 BM2,ME1 BM3,ME1 BM4,SMALL HiBM,ME2 BM1,ME2 BM2,ME2 BM3,ME2 BM4,ME2 BM5,ME3 BM1,ME3 BM2,ME3 BM3,ME3 BM4,ME3 BM5,ME4 BM1,ME4 BM2,ME4 BM3,ME4 BM4,ME4 BM5,BIG LoBM,ME5 BM2,ME5 BM3,ME5 BM4,BIG HiBM
1927,  56.1215,  30.4302,  26.5173,  33.3573,  40.7509,  47.3598,  37.6032,  35.9886,  29.9284,  47.5895,  24.9120,  27.9396,  37.3276,  26.4635,  58.1273,  40.6641,  42.1628,  23.0577,  26.0473,  40.3948,  46.1208,  29.3302,  22.5064,  26.3199,  29.2687
1928,  10.4137,  31.3853,  42.9963,  34.6270,  74.1446,  17.8825,  46.4795,  26.6948,  37.0095,  51.6478,  49.2875,  59.3877,  57.1456,  26.1002,  21.8493,  57.3258,  41.8220,  24.4210,  38.0253,  20.9311,  47.9433,  36.0237,  35.3808,  16.7822,  38.3214
1929, -51.5143, -61.5221, -57.4774, -48.2523, -44.8588, -51.5658, -40.4005, -35.2564, -37.7458, -31.3523, -45.0750, -28.4071, -15.3906, -23.8212, -21.8149, -31.5741, -33.3372, -12.0759, -12.9093,  -5.0771, -19.8854,  -1.9214,   1.4418,   3.7846,   1.0090
1930, -52.8802, -70.4686, -47.4632, -46.4064, -49.5888, -50.8604, -32.0933, -33.8915, -45.7792, -45.3259, -29.1440, -28.9990, -31.7705, -32.6783, -50.2807, -32.0214, -31.6357, -39.3981, -37.6932, -47.4002, -25.4863, -25.9657, -25.5597, -39.6651, -73.8274
1931, -79.6349, -46.3768, -44.8314, -49.9261, -51.7823, -36.2900, -46.2009, -41.5359, -45.3161, -52.0275, -42.5427, -48.4107, -46.6794, -53.3401, -54.5245, -40.4537, -38.3224, -49.5546, -58.5643, -53.4602, -35.9057, -45.3315, -67.3037, -64.7571, -41.6031
1932,  -4.3245, -46.9936,  12.1024,   7.2726,   9.2282, -27.5491, -27.8392, -10.8775,  10.4851,  22.5762, -11.8091,  -8.7844, -10.2324, -15.4233, -16.8948,  -1.3193,  -6.9260, -13.5646,  22.7087,  -4.3661, -11.1441,   0.7114, -16.0568, -29.9529, 120.8462
1933,   5.3511, 226.4382, 150.4204, 173.8464, 182.5603, 130.2352, 117.9698, 134.7257, 155.9767, 113.6734, 119.9890,  97.3920, 101.5778, 106.4977, 117.1871,  77.6479, 120.5588, 103.9200, 109.1375, 169.6367,  37.5997,  60.2971,  78.4382, 101.4990,  47.2322
1934,  35.4505,  17.7753,  32.5359,  35.5307,  13.4181,  44.9158,  31.6216,  13.1606,  10.4699,   7.3390,  53.0441,  27.2627,  23.3432,  22.1693, -19.4372,  15.3972,  25.6257,  16.6440,  -0.4873, -32.1433,  10.3497,  -0.0220,  -9.2770, -19.9744, -25.5373
1935,  61.7525,   2.0826,  91.0748,  90.8389,  71.0616,  56.3948,  78.3631,  83.3685,  68.1768,  46.7911,  49.9824,  51.3181,  73.8502,  46.2243,  52.5738,  38.2302,  40.7573,  38.6401,  47.7807,  11.9581,  44.8323,  44.9516,  45.8232,  35.1530,  61.8987
1936,  26.2364,  26.5556,  81.6737,  84.6166,  71.7005,  31.8386,  60.4644,  41.6585,  56.7594,  66.9442,  33.4962,  40.1253,  60.2979,  66.3813,  78.9834,  23.9751,  20.5863,  48.8520,  67.5271,  39.4694,  27.6480,  24.7211,  34.7152,  55.7905,  35.1330
1937, -62.3492, -67.7898, -61.4907, -45.4777, -53.5068, -53.0714, -50.9367, -49.6524, -51.0931, -56.7565, -47.3604, -49.0567, -45.1213, -39.9001, -52.2621, -33.1127, -39.3052, -42.7379, -51.8090, -42.5235, -33.2928, -35.8290, -26.9609, -33.7775, -38.3731
1938,  27.8933,  -1.7896,  47.4700,  32.3014,   4.6239,  50.7198,  40.8244,  40.6345,  33.3300,  33.5388,  46.7339,  59.4583,  39.6661,  27.8762,  29.6155,  40.6433,  41.2854,  44.6589,  25.7891,  36.4290,  35.2319,  26.0446,  12.9128,  26.6682,  28.5755
1939,  12.3126, -21.5411,   1.8704, -11.1105,   0.8468,  -1.7402,   4.1784,  -2.6691,   3.3304, -13.5326,   6.9120,  12.8818,   5.9964,  -4.6544,   9.9026,   4.3772,  -3.4889, -12.3005,   5.5628, -26.1338,   5.1644,   4.9846,   2.1460,  -9.3375, -14.0676
1940, -12.0960, -25.6251, -19.2808, -13.7652,  -8.8622,  -2.3804,   2.4340,  -4.6592,   2.0588, -16.0518,   1.0664,   2.0930,  -1.5702,  -0.3343, -17.7543,  -7.9270,  -7.7106,  -5.1257,   1.1118, -15.5755, -10.1802,  -5.5815,  -4.3099,  -4.7513,  -4.7939
1941, -49.2583, -27.9040, -16.6499, -14.4132,  -0.9025, -11.3612,  -9.4395, -17.8117,  -2.2722,  -3.3840, -22.1840, -13.1192,  -8.2488,  -6.3470,  -0.8145,  -7.6150, -13.4647,  -9.3022,  -2.7178,   7.9455, -12.4033, -14.1255,   0.9504,  -7.3123,  -3.6031
1942,  28.0738,  26.1828,  27.9147,  42.4110,  39.6688,  20.8916,  27.5490,  25.3435,  27.2719,  38.5247,  24.0953,  16.3510,  13.1827,  28.0068,  27.4140,  15.3559,  18.2310,  20.6347,  19.6638,  49.5457,  16.3552,  11.1399,  13.5679,  27.2020,  39.1889
1943,  63.7171,  55.3704,  74.2600,  96.9535, 125.8076,  68.3096,  49.7421,  61.1472,  86.9734,  95.7471,  32.8270,  30.7717,  49.5457,  55.5592,  89.9574,  21.2463,  37.4180,  30.9799,  52.9646,  55.8509,  17.0392,  27.7410,  37.4691,  31.5427,  42.6437
1944,  64.8925,  52.4028,  57.6032,  55.2380,  70.8016,  42.2799,  41.0090,  33.0923,  30.3493,  69.5595,  28.8714,  43.7770,  34.4527,  36.6387,  58.0407,  19.3146,  26.9243,  27.1786,  47.7663,  45.4532,  16.1307,  14.0310,  21.7566,  24.5339,  55.9282
1945, 111.1460,  78.1704,  77.7356,  74.7054,  82.1128,  77.4214,  56.1393,  56.2491,  69.1115,  90.0196,  53.0702,  50.1816,  52.4606,  65.3462,  47.5595,  44.8897,  51.5116,  61.0797,  56.3227,  92.3316,  31.0571,  29.5376,  34.8618,  39.5953,  42.5033
1946, -13.7985, -18.5194,  -5.3740, -14.3839, -12.4397, -18.7219,  -6.2951, -10.8724,  -9.3334,  -7.3666, -14.9323,  -3.4324,  -5.1194,  -6.8880, -10.2338,  -3.0650,  -3.4923,  -1.1034,  -7.9226, -12.5853,  -9.7030,  -7.3431,  -1.2715,   2.2526, -10.8243
1947,  -7.5425,  -6.9608,  -7.7795,  -5.1791,   8.9846, -14.8341,   0.5931,  -0.2795,  -3.1925,  12.7023,  -2.3832,  -3.5668,  -0.5955,   5.4662,   7.4729,  -0.8132,  -0.8397,   3.6917,  -2.6418,   2.0888,   4.3085,   6.1566,  -0.8284,  10.9202,   8.0845
1948,  -8.7058,  -8.5227, -10.0224, -12.3726,   1.2356, -11.1201,  -5.6169,  -5.7553,  -2.5275,   5.4605,  -5.0939,  -5.3917,  -1.3610,  -5.9273,  -4.5549,  -1.6635,   0.8159,   3.8123,  -4.8259,   3.3530,   3.2682,   2.7639,   5.1566,  -3.7624,   6.0774
1949,  14.5067,  19.5535,  23.8370,  19.3104,  22.0488,   7.9814,  24.9211,  19.0809,  24.7969,  15.1256,  31.7561,  19.7750,  21.3176,  20.8876,  19.2485,  25.4681,  21.5479,  31.2242,   8.4118,  29.6090,  26.3020,  11.7828,  15.5810,  21.6630,  13.8761
1950,  22.7669,  28.1783,  43.4712,  40.0738,  57.8888,  45.3167,  32.8546,  40.6531,  34.7674,  62.3015,  18.9758,  17.1846,  34.4147,  35.8668,  73.5627,  22.5389,  18.8097,  33.7069,  42.2627,  64.8473,  25.4142,  21.0550,  36.6918,  50.0460,  49.6883
1951,  15.9771,  14.6466,   5.2381,   7.3280,   5.8579,  14.8334,  16.9383,  13.4956,  12.6521,   9.9908,  11.1149,  23.8679,  14.4387,  11.8954,   9.7399,  20.5661,  24.5986,  18.5591,  16.5160,  12.8806,  20.8904,  17.2605,  34.6079,  20.1307,  15.1921
1952, -15.8841,   6.9471,   5.9126,   4.3390,   6.0582,   7.6347,   3.9217,  10.2485,  11.5240,  10.3948,  11.9805,  13.1764,  10.6459,   7.3017,  13.3618,   9.3705,  13.7145,   8.3103,  11.5843,  25.3087,  14.6202,  13.0145,  12.8891,  14.5900,  23.8648
1953, -18.0364, -12.7312,  -1.4798,  -5.2601,  -5.7615,  -3.0831,  -2.0002,   1.5477,  -5.0893,  -9.3048,   3.0154,   1.6549,  -2.6606,  -1.1101, -10.9918,   0.4361,  -0.8900,   2.4164,  -4.6420,  -8.0570,   3.4534,   0.4460,   0.0776,  -4.2343, -12.3778
1954,  27.4947,  62.3560,  48.0899,  64.9782,  71.7723,  35.5753,  46.1167,  66.1754,  60.5273,  58.4982,  47.1644,  50.5229,  60.9380,  69.7802,  58.8015,  43.3113,  51.0675,  73.4814,  58.6639,  71.2934,  48.4016,  42.5363,  55.0608,  73.5893,  72.5199
1955,  13.4822,  26.4671,  15.1685,  27.0992,  25.7444,  -0.4175,  18.4903,  17.2038,  14.2669,  27.1218,  28.6364,  15.3571,  24.4523,  28.8972,  21.1412,  19.6130,  24.6750,  19.3078,  16.0755,   9.4175,  29.7345,  25.3970,  22.8629,  32.3845,  24.3542
1956,  -6.4912,  -8.4649,   1.3664,   8.4316,   7.9737,  -4.1754,  11.8734,   6.4446,   8.0522,   9.8411,  10.8728,   6.9731,  13.0874,  12.8410,   0.1701,   9.0758,   9.3376,   5.6179,   9.7544,  -1.5303,   5.5522,  12.2770,  15.8846,  10.2625,  -1.3692
1957, -13.6933, -21.6461, -13.1257, -12.7767, -14.7511, -17.5571, -11.7208,  -7.7659, -22.4740, -14.5435, -12.2084, -14.3973, -12.8474, -15.2149, -14.6906, -11.2843,  -9.7743,  -7.8472, -20.8531, -24.9023,  -8.6883,  -9.5439,  -5.3374, -21.4857, -25.4408
1958,  78.4037,  82.6630,  61.4000,  61.5150,  70.1002,  80.9869,  70.1662,  49.8645,  64.7000,  86.7587,  50.8674,  51.3838,  52.6846,  65.3996,  83.2668,  53.2898,  48.0310,  59.9237,  60.7731,  85.2439,  40.4099,  38.7102,  48.8251,  39.4598,  67.6700
1959,   8.4629,  30.9024,  18.1378,  25.1527,  21.4066,  24.9107,  17.2075,  21.0056,  18.5098,  19.9918,  19.3667,  22.0161,  19.3962,  24.3472,  13.6852,  12.1856,  14.9421,  17.7419,  19.0146,  10.1829,  16.4611,   4.4257,   9.2183,   4.6141,  22.5686
1960, -21.0886, -13.4135,  -4.8505,   0.6974,  -6.0615,  -6.7102,   1.4056,  -0.4660,  -0.0017,  -7.1104,   7.2944,   1.0569,  -1.3635,  -1.4581, -18.9856,   6.3522,   6.3355,  -0.8647,   0.1787, -17.5855,  -2.5009,  -2.8688,  18.0829,  -7.1802, -12.0549
1961,  31.9660,  38.9824,  25.3639,  32.0640,  26.4168,  21.6842,  29.5154,  31.8234,  36.2262,  42.4854,  20.8298,  30.6283,  22.7055,  35.0561,  25.6626,  26.2591,  29.2169,  37.5641,  27.8484,  23.3653,  23.6203,  30.2615,  25.7613,  20.9289,  31.6965
1962,  -8.0037, -21.7553, -11.4304, -11.2802,  -9.2806, -22.7956, -14.5924, -16.9226,  -8.9592, -10.0273, -17.9132, -11.3185, -16.3645, -16.1686,  -9.9014, -20.6310, -10.5301,  -8.8683, -10.5572,  -0.8253, -14.2257,  -6.9970,  -1.0284,  -5.9769,  -3.9505
1963,  26.2771,   3.9287,  12.2786,  14.6631,  32.6048,   2.8951,  17.0505,  11.1584,  22.7848,  32.2108,   4.6969,  13.9520,  16.3512,  21.7437,  25.8435,   8.5663,  11.6892,  19.1303,  36.3087,  34.6863,  23.3328,  18.4480,  19.2231,  27.1468,  32.9354
1964,  15.7348,  12.1501,  20.9354,  13.1844,  26.3064,   6.5290,   6.2534,  25.5910,  15.7036,  28.0786,   5.2730,  19.1352,  21.4328,  25.2505,  24.0248,  10.0555,  22.2706,  20.8867,  30.0901,  18.4948,  17.0070,  12.3254,  20.1164,  19.0661,  16.5749
1965,  30.9609,  43.0346,  28.5120,  41.3229,  48.5772,  33.6334,  32.7790,  29.7727,  39.0113,  37.4790,  30.6323,  27.2053,  37.0033,  30.2287,  45.7692,  23.3264,  23.8713,  24.3076,  24.0323,  36.9244,  16.2326,   0.2851,  11.6067,  15.6647,  14.1604
1966,  -3.6908, -11.7880,  -8.5933,  -1.1022,  -5.5547,  -7.5363,  -3.0939,  -5.8939, -11.3595,  -4.6884,  -3.7409,  -9.8128,  -0.1827,  -3.5705, -11.5262,   0.2432,  -3.9688,  -6.9398,  -2.8759, -11.4346, -11.5304, -11.5992,  -3.4761,  -4.1965, -13.9407
1967, 135.1611, 105.4206,  93.9574,  95.8794,  87.5114,  79.7600,  65.3188,  90.4711,  71.9208,  63.5165,  56.3231,  55.8658,  44.0539,  59.7278,  47.1913,  38.7985,  18.4727,  25.3502,  54.1806,  45.5547,  30.4219,  18.0054,   8.3564,  22.3283,  24.2836
1968,  40.0629,  52.4688,  48.4771,  46.4033,  59.1654,  26.2332,  33.0805,  33.0611,  36.1062,  36.7126,  20.7582,  25.1996,  25.8216,  38.7118,  47.2783,   8.4187,  19.7550,  16.9291,  30.9437,  29.9863,   2.6297,   4.6743,  18.1840,  16.1271,  25.7308
1969, -33.0956, -33.4307, -29.2046, -30.2794, -33.1114, -21.2932, -25.7789, -22.6917, -24.4859, -18.1275, -17.5828, -17.4887, -17.4298, -18.5220, -22.9257,  -1.0823, -20.6258, -10.0131, -20.4707, -24.5735,   7.8016,  -9.2876, -13.4429, -17.3675, -18.3468
1970, -33.8905, -18.9239, -13.0804,  -0.1510,  -0.2742, -22.2106,  -9.8789,  -7.1696,  13.3190,   7.2516, -19.6955,  -8.3944,  -5.4976,   9.1286,   4.2257, -11.1113,  -5.3696,   5.7557,  14.2467,   5.8249,  -8.7516,   4.5021,   8.1414,  14.0348,   9.6602
1971,  22.2955,  17.4572,  17.7729,  19.5691,  13.5166,  28.3245,  25.1101,  24.9284,  14.1749,  16.6637,  28.5667,  25.9904,  18.7564,  10.3034,  21.2395,  37.2295,  20.9608,  12.2886,  17.2423,  18.6706,  23.3157,  10.6851,   4.5676,   3.6927,  22.0164
1972,  -6.9232,  -1.0659,  -3.9150,   1.6578,   8.9522,   0.4401,  -0.6362,  12.9170,   4.1302,  15.9593,  14.8471,   5.4115,   8.8401,  11.0506,   1.9365,   7.3695,   1.3151,  10.4597,  14.8390,  10.7490,  24.6423,  12.2291,  12.0367,  18.9469,  10.6998
1973, -52.1496, -41.2192, -37.9467, -32.2433, -30.5950, -49.5435, -42.0863, -31.8786, -27.5825, -26.3511, -44.5169, -35.0418, -25.1157, -19.1804, -20.7810, -37.0320, -33.3541, -13.6290, -14.8258,  -6.5189, -19.2556, -14.5140,  -6.0198,  -5.3222,   0.3566
1974, -31.4966, -30.3364, -25.1470, -22.8775, -18.7332, -34.9762, -25.6916, -26.3084, -22.4388, -15.6131, -35.6599, -29.7871, -21.8297, -25.4322, -11.1844, -36.4357, -28.0199, -22.0893, -19.8147, -25.1214, -30.4724, -22.4345, -20.2973, -20.6046, -29.8965
1975,  61.6096,  79.8831,  65.1865,  63.8305,  66.9773,  63.8726,  64.2850,  51.0944,  59.4982,  47.0109,  41.5477,  57.5874,  50.0266,  58.6591,  38.9009,  42.6472,  49.9916,  53.5521,  67.5827,  61.6984,  30.8897,  46.8993,  27.7004,  49.3054,  37.8734
1976,  46.1564,  39.8163,  48.2566,  53.9600,  59.6470,  33.3412,  38.8236,  44.1608,  52.7176,  69.6308,  30.1009,  42.8301,  47.7307,  53.0027,  58.9268,  21.8339,  37.7519,  48.9387,  46.6380,  53.6311,  12.3427,  32.9772,  39.6673,  35.6169,  46.3146
1977,  23.6823,  24.4997,  25.6498,  25.3764,  30.8956,  16.0002,  16.1318,  13.8041,  19.0337,  16.2297,  11.0396,  13.8935,  11.6411,  11.0111,  12.6209,  -2.7293,   0.8670,   5.1261,   5.4996,   4.4222, -11.4926,  -9.8172,  -0.6566,  -1.3936,  -3.2236
1978,  26.9430,  23.7489,  26.3958,  21.3150,  27.3062,  18.7065,  13.1458,  18.8442,  23.5820,  20.2236,  12.8296,  13.0292,  14.7166,   8.0720,  17.7012,   9.1654,   7.2274,   5.5806,   9.6427,  12.0286,   6.7536,   3.4688,  10.0352,   3.8339,  -2.3907
1979,  56.0543,  46.4565,  30.8872,  37.2072,  39.9671,  55.9485,  39.9946,  29.6724,  30.5275,  40.4882,  41.3109,  30.2706,  33.0290,  33.0215,  47.1313,  35.9708,  32.2509,  29.0191,  25.2756,  28.7937,   7.7405,  31.2599,  20.9334,  19.0657,  17.6351
1980,  65.2812,  40.0761,  32.9184,  26.1207,  27.7850,  53.5245,  45.9737,  24.6392,  27.3757,  23.7146,  47.0258,  32.1254,  26.1290,  22.0899,  11.9702,  50.6384,  44.0968,  27.8600,   8.7979,  14.4852,  33.3059,  38.6929,  41.7063,  21.6728,  18.4743
1981, -25.0021,   4.7618,  14.7981,  18.0440,  17.3578, -10.4441,   6.2885,  13.0722,  19.2114,  20.0094,  -5.7609,   6.9636,   9.8601,  12.4681,  17.0249,  -3.1725,  -1.1442,   8.0592,  10.2258,  12.8820,  -8.8356,  -8.4538, -17.2586,   5.7871,  16.2230
1982,  16.2601,  32.1013,  40.9624,  33.6216,  41.1729,  13.3378,  32.2415,  32.2311,  34.7855,  41.2876,  18.6735,  39.8442,  27.6120,  29.7836,  47.1856,  16.1142,  17.0358,  30.2657,  29.6934,  41.6113,  23.7079,  14.9398,  15.9443,  23.9450,  24.7043
1983,  14.0306,  37.6137,  45.5825,  46.2003,  59.1633,  15.3814,  28.7597,  39.7160,  48.7834,  45.1805,  16.9025,  29.6270,  39.1142,  37.5790,  43.2353,  18.1026,  22.5422,  26.1884,  27.3093,  31.9234,  15.9142,  15.3028,  22.7160,  23.9519,  28.1565
1984, -24.5287,  -9.2750,  -6.0057,   0.9245,   4.2577, -19.0558,  -1.8898,   5.1286,   6.6960,  11.6946,  -7.2370,   3.2865,   2.0389,   5.0278,  11.1043,  -6.9274,  -0.8428,   2.2810,   3.2698,  14.0687,   0.2362,   8.1154,   5.5302,   9.1689,  23.1486
1985,  20.8518,  31.8437,  31.4571,  28.8144,  24.4189,  29.7954,  31.9282,  42.2072,  42.7310,  29.0169,  30.8815,  33.8185,  29.3357,  31.9072,  40.0550,  32.7465,  28.8087,  35.9059,  30.4392,  37.3910,  31.3188,  39.1028,  32.2192,  28.9565,  31.7374
1986,  -4.0512,   4.1559,   5.7266,  12.5863,   9.0730,   2.5224,  10.0019,  10.9058,  17.9706,  10.9470,  11.2445,  14.4337,  12.9049,  19.8259,  18.9761,  11.9736,  17.2793,  16.0734,  21.0208,  18.0885,  13.7904,  22.1014,  16.2983,  18.3126,  26.8469
1987, -25.2055, -12.4133, -10.2884,  -6.7970,  -3.0783, -12.0449,  -7.3674,  -5.0298,  -3.4058,  -6.3007,  -5.3165,   0.1466,  -3.6858,   0.9697,  -3.7167,   7.4474,  -1.5214,  -0.3188,   2.6475,  -3.8490,   9.3835,   3.9922,   1.7382,   3.4673,   0.5088
1988,   9.6832,  25.7102,  27.8135,  26.3459,  24.9446,  12.2043,  36.0387,  31.3734,  29.2396,  37.2657,  13.0148,  18.5505,  20.7575,  29.7094,  32.3110,  11.9991,  19.1261,  19.7752,  21.7664,  37.8101,   9.9451,  18.0737,  14.9489,  21.2899,  27.6275
1989,   6.9014,  14.2966,  10.1520,  16.8711,  10.2939,  20.0374,  17.6721,  22.7463,  18.0158,  15.9069,  25.1832,  18.0944,  12.8282,  25.2353,  21.5157,  30.0876,  25.2934,  17.7287,  28.3290,  41.0648,  37.6486,  24.4035,  34.0895,  32.4320,  28.2888
1990, -27.6424, -26.4320, -20.6612, -18.8310, -30.8048, -17.5373, -16.4963, -16.3333, -13.3996, -28.5010, -10.2646, -10.6854, -13.7418, -19.5138, -21.6820,  -1.1662,  -9.6673, -19.6869, -13.8821, -15.9741,   6.4158,  -1.3886,  -3.6522, -15.2861, -13.6796
1991,  62.8579,  54.3835,  50.2382,  42.9241,  42.8555,  54.3379,  34.7739,  49.1748,  35.8560,  39.4078,  57.3398,  45.0391,  37.3996,  48.6206,  38.5623,  50.3692,  27.8974,  39.9127,  39.9615,  37.2630,  48.7035,  21.9494,  16.9186,  30.5141,  19.4086
1992,  -4.0292,  20.9701,  18.2719,  27.3656,  38.4982,   2.7715,  12.7545,  24.1319,  27.5455,  40.2444,   8.0075,  20.4793,  22.2736,  27.0688,  41.1322,   7.1838,  15.0326,  16.1483,  21.0207,  24.8393,   1.7815,  16.1915,   5.2449,  16.0718,  31.7223
1993,   2.2306,  10.8507,  20.4684,  21.6532,  35.8635,   4.5759,  17.4406,  24.5834,  18.8954,  26.8429,   6.9015,  22.6533,  20.7729,  21.3436,  23.0101,   8.8940,  24.1116,  20.4866,  16.2443,  14.5110,  -4.5807,  13.3463,  16.4201,  16.6208,  27.3837
1994, -22.4578,  -2.7071,  -4.2614,   1.1089,   2.4197,  -4.4416,  -1.4929,  -0.0777,   1.5534,  -1.8828,   0.1710,   0.0439,  -0.5575,  -0.0680,   3.3577,  -2.5045,   1.7216,  -1.5552,  -3.2027,  -8.7203,   3.0133,  -0.4629,   4.9998,  -4.9996,  -6.2066
1995,  31.3473,  38.9784,  30.7889,  28.3305,  34.8179,  32.6820,  24.2208,  27.2270,  30.9969,  37.1194,  36.7704,  20.4520,  25.4920,  34.4553,  29.7206,  33.2040,  28.5337,  31.2145,  33.0672,  44.6410,  39.2510,  33.7280,  40.3186,  36.8890,  57.2948
1996,  -1.0334,  15.1823,  22.2847,  32.0752,  24.3155,  10.3965,  21.3683,  14.4118,  27.0873,  26.0556,   3.8049,  17.9615,  21.0559,  23.1757,  15.8068,  14.4301,  19.0125,  19.4960,  22.2203,  22.3546,  23.2426,  23.7442,  26.2297,  22.7750,  24.6681
1997,   3.5184,  14.1123,  25.8927,  39.8543,  39.6650,   3.7347,  20.9523,  27.8413,  34.9071,  40.4012,   6.7443,  30.2440,  33.1409,  40.5340,  39.4474,   8.8449,  25.0979,  35.3373,  34.2178,  31.8716,  34.1845,  30.5396,  37.0265,  36.9297,  31.6529
1998,  -9.3207,  -6.2421,  -9.4375,  -6.0961,  -3.9533,   0.3384,  -0.0707,  -5.7283,  -5.6207,  -0.1296,  10.2339,  -3.7188,  -4.1007,  -7.7304,  -1.9041,  10.7373,   6.1439,   1.7546,   5.7773,  10.0478,  47.3669,  12.0522,  12.7313,  26.8182,  21.4368
1999,  68.4028,  58.6812,  39.2996,  33.3031,  20.0571,  51.0505,  30.0532,   7.9043,   5.4853,  -2.4776,  47.8879,  23.6128,  -4.5037,  -0.9428,   8.0428,  66.2775,   9.3173,   3.4873,  12.5640,   9.9621,  25.8648,  19.2867,   2.8718,  -8.5961,  -7.8447
2000, -38.0464,  -2.0648,   7.4644,  17.8993,   7.3114, -28.2978,   4.3691,   6.1204,  14.7397,  28.5830, -35.4898,  16.4170,  24.6120,  29.4695,  48.6097, -15.2790,  22.9094,  33.8361,  29.1068,  26.4492, -14.0051,   0.8789,   6.7277,  29.3250,   8.3072
2001,  11.3833,  21.0695,  26.4550,  41.5703,  33.3623,  -2.7376,  16.8856,  13.5402,  14.4026,  24.1889,  -5.0267,  -3.0941,   7.6000,   6.5926,  13.0655,  -8.4798,   3.6236,   3.4787,   5.1643,  12.8446, -16.5476,  -4.6752,   6.2183, -12.1617,   9.4793
2002, -46.8895, -25.3527, -15.5090,   3.0370,   0.7298, -35.3353, -23.7193, -11.7161, -10.2483, -19.2749, -27.2940, -17.6239, -11.5216, -12.5863, -11.7918, -25.9362, -11.0011, -10.5655, -22.4690, -19.5695, -23.9682, -16.5769, -10.6606, -14.1143, -52.9024
2003,  78.1433,  71.1237,  58.2695,  68.2385,  89.4287,  53.1026,  41.8065,  44.3543,  50.9649,  56.5339,  44.6457,  37.1186,  35.1693,  51.1858,  63.9842,  39.2361,  36.6601,  40.9864,  51.2347,  40.8416,  24.6308,  34.2608,  35.6307,  17.7244,  22.1676
2004,   5.3118,  16.5864,  17.9018,  16.9819,  19.5762,  16.8370,  22.4325,  23.4214,  19.9290,  29.5095,  13.3634,  23.6430,  19.6883,  12.6030,  21.0371,  15.5397,  14.8637,  25.1556,  18.1915,  23.3257,   6.4524,  10.6526,  15.6020,  12.9697,  30.3530
2005,  -3.0277,   6.0525,   2.7937,   4.1505,  11.5297,   1.1490,  10.0910,  12.6700,   7.5536,  12.8681,   4.5549,  11.1612,   7.8958,   8.3968,   6.4167,   8.9198,  11.1683,  14.9894,  18.4519,  14.1466,   2.8627,   3.4469,   9.1048,   8.8188,  17.4961
2006,   7.9110,  15.4789,  16.7702,  19.8112,  28.5279,   8.2670,  17.6529,  24.3334,  21.6135,  19.1666,   9.4291,  12.6423,  17.1583,  13.7837,  19.8136,  10.7304,  14.2764,  11.8492,  13.5478,  21.3254,   9.1737,  17.7745,  20.6857,  22.1018,  24.2469
2007,  -3.2667,  -5.7111, -12.8997,  -8.6526, -16.4959,   6.4458,  -0.0333,  -1.6948,  -8.1346, -13.0047,  16.8954,  11.2811,   8.6373,  -3.5751,  -4.3185,  14.0589,  10.6254,  -4.5585,  -2.6637, -14.4188,  14.3082,  11.1170,   0.6994,  -4.5985,  -1.5240
2008, -48.3382, -37.4722, -39.7230, -27.7215, -41.1051, -39.0269, -35.0384, -24.4809, -22.7286, -33.1446, -42.4090, -33.7197, -25.2949, -29.3137, -18.6555, -36.7400, -38.8897, -45.7142, -37.0322, -48.7662, -33.9788, -34.3777, -34.3813, -56.1138, -32.2341
2009,  39.6239,  35.3306,  38.2911,  19.8410,  40.4712,  40.4441,  43.6842,  30.7322,  12.8107,  28.5375,  39.6476,  34.0066,  33.6887,  38.0138,  34.9189,  42.8770,  39.1929,  38.3049,  35.1312,  41.2206,  32.5075,  22.4358,  20.1520,  12.5907,  23.3773
2010,  27.3760,  25.8867,  30.5895,  31.3973,  26.8812,  30.1969,  32.7641,  29.0705,  22.5371,  23.9417,  32.8632,  36.5517,  24.0240,  28.1134,  20.4648,  33.5272,  30.1774,  18.2229,  24.1515,  23.6482,  13.6898,  13.9043,  21.7608,   6.5754,   9.2050
2011, -19.5424, -10.4915, -10.8120,  -7.8730, -10.1702,   1.8555,  -4.6020,  -3.3922,   0.2859,  -9.6350,  -2.5649,   2.3579,  -2.6448,  -1.4036,  -7.0785,  -2.1711,  -0.6586,  -3.7743,   7.6299,  -8.5878,   3.3587,   8.3305,   8.1637,  -0.2698, -22.6159
2012,   9.1301,  20.4687,  15.1342,  13.7864,  27.7493,  15.3567,  17.2702,  14.2673,  16.7640,  23.2756,  17.0756,  19.5053,  14.0242,  21.9522,  12.4228,  20.0771,  16.3623,  11.2096,  17.5754,  22.6334,  15.1844,  14.0067,  11.7644,  19.8747,  34.6516
2013,  48.0486,  46.7327,  43.8527,  50.8163,  42.4542,  51.6703,  36.8479,  40.1796,  38.6652,  46.6803,  35.2082,  46.9603,  36.4433,  41.1915,  45.0324,  39.3435,  35.2284,  30.6389,  43.7275,  46.9702,  33.3037,  31.9730,  31.9352,  33.1915,  43.4134
2014,  -4.6942,   9.9976,  -1.7072,   6.8456,  -0.2484,   6.6107,   7.9023,   6.9700,   4.0232,  -0.0059,  10.4185,   6.8851,   1.3370,   7.1401,   4.4891,  13.7453,   7.0356,  17.8388,   8.0717,   5.9038,  13.1176,  13.8023,  14.3495,   6.8052,  13.0756
2015, -11.8608,  -5.6028,  -8.2070,  -8.1071,  -8.5111,  -4.2827,   1.5536,  -3.2899,  -2.7113, -11.5604,  -0.6311,   1.8628,  -2.0262, -11.7051, -13.4418,  -2.4140,   1.2027,   1.0900,  -6.9712,  -8.2590,   7.8634,   0.3973,   0.5871,  -5.3989,  -7.5159
2016,   1.5307,  11.2425,  26.0725,  33.4984,  32.3754,   4.0380,  21.0847,  20.4499,  34.9600,  31.8875,   5.5984,  14.7169,  26.4094,  30.7756,  37.4722,   8.8343,  13.7113,  24.6364,  13.8063,  35.0169,   6.2810,  10.3994,  18.9363,  20.3370,  20.2765
2017,  25.0109,  11.1807,  21.9880,  10.6690,  13.4240,  33.8364,  21.0050,  10.6495,   8.4748,   6.6393,  29.0782,  15.3437,  17.4590,   9.6719,   7.1979,  29.5032,  25.2046,  21.1773,  14.6439,  17.9270,  31.9288,  20.0177,  15.2396,  16.7068,  17.7363
2018,  -9.9062,  -5.9364, -15.8406, -11.8642, -15.9912,  -5.8889,  -2.3859, -10.5986, -16.5018,  -8.3278, -10.0446,  -6.4704, -14.5812, -10.1300, -20.7461,  -2.5737,  -8.1897, -13.3805, -16.9826, -14.4968,   1.6549,  -0.6179,  -7.6157, -11.2373, -18.9521
2019,  25.5976,  33.5958,  13.4012,  15.5925,  17.0018,  32.5896,  26.8673,  30.2207,  18.4788,  10.5123,  34.8446,  28.1798,  30.3301,  26.3877,  16.8779,  34.9831,  33.3272,  30.1695,  25.5450,  18.1642,  37.0668,  25.5207,  30.7904,  21.1066,  34.4531
2020,  58.3582,  42.2035,  24.1873,   4.2904,  10.3073,  43.7619,  30.4591,   6.2966,  -0.3372,   9.3683,  54.9980,  32.9829,   5.4914,  13.0583,  -3.5471,  50.7374,  22.2524,  10.7310,  -3.8460,  -9.7246,  40.8140,  18.1711,   7.5430, -13.8476,  -1.3213
2021,  -4.3545,   8.9125,  22.1337,  25.7110,  85.2136,   0.0493,  13.4344,  33.3399,  31.5030,  43.3455,  -4.4958,  17.5815,  23.0908,  25.5990,  37.4884,   4.4252,  23.7991,  28.9696,  35.6544,  37.2092,  26.8187,  25.7542,  17.3998,  30.7242,  39.8756
2022, -41.7912, -31.1840, -18.6311, -12.7826,  -4.5019, -28.4888, -24.8426, -21.7601,  -4.3973,  -5.1630, -30.6976, -18.5687,  -8.7792,  -8.6953,   1.0453, -26.5824, -16.5038,  -9.9346,  -9.4992,  -1.9942, -27.7497, -14.9882, -12.4553,   8.4552,  -3.6214